id_str,type,sequence,floworder,index,annotation,adapter,score_mode,score_cutoff
IonXpress_001,,CTAAGGTAAC,,,,GAT,1,2
IonXpress_002,,TAAGGAGAAC,,,,GAT,1,2
IonXpress_003,,AAGAGGATTC,,,,GAT,1,2
IonXpress_004,,TACCAAGATC,,,,GAT,1,2
IonXpress_005,,CAGAAGGAAC,,,,GAT,1,2
IonXpress_006,,CTGCAAGTTC,,,,GAT,1,2
IonXpress_007,,TTCGTGATTC,,,,GAT,1,2
IonXpress_008,,TTCCGATAAC,,,,GAT,1,2
IonXpress_009,,TGAGCGGAAC,,,,GAT,1,2
IonXpress_010,,CTGACCGAAC,,,,GAT,1,2
IonXpress_011,,TCCTCGAATC,,,,GAT,1,2
IonXpress_012,,TAGGTGGTTC,,,,GAT,1,2
IonXpress_013,,TCTAACGGAC,,,,GAT,1,2
IonXpress_014,,TTGGAGTGTC,,,,GAT,1,2
IonXpress_015,,TCTAGAGGTC,,,,GAT,1,2
IonXpress_016,,TCTGGATGAC,,,,GAT,1,2
IonXpress_017,,TCTATTCGTC,,,,GAT,1,2
IonXpress_018,,AGGCAATTGC,,,,GAT,1,2
IonXpress_019,,TTAGTCGGAC,,,,GAT,1,2
IonXpress_020,,CAGATCCATC,,,,GAT,1,2
IonXpress_021,,TCGCAATTAC,,,,GAT,1,2
IonXpress_022,,TTCGAGACGC,,,,GAT,1,2
IonXpress_023,,TGCCACGAAC,,,,GAT,1,2
IonXpress_024,,AACCTCATTC,,,,GAT,1,2
IonXpress_025,,CCTGAGATAC,,,,GAT,1,2
IonXpress_026,,TTACAACCTC,,,,GAT,1,2
IonXpress_027,,AACCATCCGC,,,,GAT,1,2
IonXpress_028,,ATCCGGAATC,,,,GAT,1,2
IonXpress_029,,TCGACCACTC,,,,GAT,1,2
IonXpress_030,,CGAGGTTATC,,,,GAT,1,2
IonXpress_031,,TCCAAGCTGC,,,,GAT,1,2
IonXpress_032,,TCTTACACAC,,,,GAT,1,2
IonXpress_033,,TTCTCATTGAAC,,,,GAT,1,2
IonXpress_034,,TCGCATCGTTC,,,,GAT,1,2
IonXpress_035,,TAAGCCATTGTC,,,,GAT,1,2
IonXpress_036,,AAGGAATCGTC,,,,GAT,1,2
IonXpress_037,,CTTGAGAATGTC,,,,GAT,1,2
IonXpress_038,,TGGAGGACGGAC,,,,GAT,1,2
IonXpress_039,,TAACAATCGGC,,,,GAT,1,2
IonXpress_040,,CTGACATAATC,,,,GAT,1,2
IonXpress_041,,TTCCACTTCGC,,,,GAT,1,2
IonXpress_042,,AGCACGAATC,,,,GAT,1,2
IonXpress_043,,CTTGACACCGC,,,,GAT,1,2
IonXpress_044,,TTGGAGGCCAGC,,,,GAT,1,2
IonXpress_045,,TGGAGCTTCCTC,,,,GAT,1,2
IonXpress_046,,TCAGTCCGAAC,,,,GAT,1,2
IonXpress_047,,TAAGGCAACCAC,,,,GAT,1,2
IonXpress_048,,TTCTAAGAGAC,,,,GAT,1,2
IonXpress_049,,TCCTAACATAAC,,,,GAT,1,2
IonXpress_050,,CGGACAATGGC,,,,GAT,1,2
IonXpress_051,,TTGAGCCTATTC,,,,GAT,1,2
IonXpress_052,,CCGCATGGAAC,,,,GAT,1,2
IonXpress_053,,CTGGCAATCCTC,,,,GAT,1,2
IonXpress_054,,CCGGAGAATCGC,,,,GAT,1,2
IonXpress_055,,TCCACCTCCTC,,,,GAT,1,2
IonXpress_056,,CAGCATTAATTC,,,,GAT,1,2
IonXpress_057,,TCTGGCAACGGC,,,,GAT,1,2
IonXpress_058,,TCCTAGAACAC,,,,GAT,1,2
IonXpress_059,,TCCTTGATGTTC,,,,GAT,1,2
IonXpress_060,,TCTAGCTCTTC,,,,GAT,1,2
IonXpress_061,,TCACTCGGATC,,,,GAT,1,2
IonXpress_062,,TTCCTGCTTCAC,,,,GAT,1,2
IonXpress_063,,CCTTAGAGTTC,,,,GAT,1,2
IonXpress_064,,CTGAGTTCCGAC,,,,GAT,1,2
IonXpress_065,,TCCTGGCACATC,,,,GAT,1,2
IonXpress_066,,CCGCAATCATC,,,,GAT,1,2
IonXpress_067,,TTCCTACCAGTC,,,,GAT,1,2
IonXpress_068,,TCAAGAAGTTC,,,,GAT,1,2
IonXpress_069,,TTCAATTGGC,,,,GAT,1,2
IonXpress_070,,CCTACTGGTC,,,,GAT,1,2
IonXpress_071,,TGAGGCTCCGAC,,,,GAT,1,2
IonXpress_072,,CGAAGGCCACAC,,,,GAT,1,2
IonXpress_073,,TCTGCCTGTC,,,,GAT,1,2
IonXpress_074,,CGATCGGTTC,,,,GAT,1,2
IonXpress_075,,TCAGGAATAC,,,,GAT,1,2
IonXpress_076,,CGGAAGAACCTC,,,,GAT,1,2
IonXpress_077,,CGAAGCGATTC,,,,GAT,1,2
IonXpress_078,,CAGCCAATTCTC,,,,GAT,1,2
IonXpress_079,,CCTGGTTGTC,,,,GAT,1,2
IonXpress_080,,TCGAAGGCAGGC,,,,GAT,1,2
IonXpress_081,,CCTGCCATTCGC,,,,GAT,1,2
IonXpress_082,,TTGGCATCTC,,,,GAT,1,2
IonXpress_083,,CTAGGACATTC,,,,GAT,1,2
IonXpress_084,,CTTCCATAAC,,,,GAT,1,2
IonXpress_085,,CCAGCCTCAAC,,,,GAT,1,2
IonXpress_086,,CTTGGTTATTC,,,,GAT,1,2
IonXpress_087,,TTGGCTGGAC,,,,GAT,1,2
IonXpress_088,,CCGAACACTTC,,,,GAT,1,2
IonXpress_089,,TCCTGAATCTC,,,,GAT,1,2
IonXpress_090,,CTAACCACGGC,,,,GAT,1,2
IonXpress_091,,CGGAAGGATGC,,,,GAT,1,2
IonXpress_092,,CTAGGAACCGC,,,,GAT,1,2
IonXpress_093,,CTTGTCCAATC,,,,GAT,1,2
IonXpress_094,,TCCGACAAGC,,,,GAT,1,2
IonXpress_095,,CGGACAGATC,,,,GAT,1,2
IonXpress_096,,TTAAGCGGTC,,,,GAT,1,2
