index,id_str,sequence,annotation,adapter
1,SingleSeq_001,TAGGTGGTTC,,GAT
2,SingleSeq_002,TCTATTCGTC,,GAT
3,SingleSeq_003,TCGCAATTAC,,GAT
4,SingleSeq_004,TTGAGCCTATTC,,GAT
5,SingleSeq_005,CTGGCAATCCTC,,GAT
6,SingleSeq_006,CCGGAGAATCGC,,GAT
7,SingleSeq_007,TCTAGCTCTTC,,GAT
8,SingleSeq_008,TCACTCGGATC,,GAT
9,SingleSeq_009,TCCTGGCACATC,,GAT
10,SingleSeq_010,TTCCTACCAGTC,,GAT
11,SingleSeq_011,TCAAGAAGTTC,,GAT
12,SingleSeq_012,CCTACTGGTC,,GAT
13,SingleSeq_013,TCAGGAATAC,,GAT
14,SingleSeq_014,CGGAAGAACCTC,,GAT
15,SingleSeq_015,CGAAGCGATTC,,GAT
16,SingleSeq_016,CAGCCAATTCTC,,GAT
17,SingleSeq_017,TTGGCATCTC,,GAT
18,SingleSeq_018,CTAGGACATTC,,GAT
19,SingleSeq_019,CCAGCCTCAAC,,GAT
20,SingleSeq_020,CTTGGTTATTC,,GAT
21,SingleSeq_021,CTAGGAACCGC,,GAT
22,SingleSeq_022,CTTGTCCAATC,,GAT
23,SingleSeq_023,TCCGACAAGC,,GAT
24,SingleSeq_024,TTAAGCGGTC,,GAT
25,SingleSeq_025,TACCAAGATC,,GAT
26,SingleSeq_026,CTGCAAGTTC,,GAT
27,SingleSeq_027,TTCGTGATTC,,GAT
28,SingleSeq_028,TTCCGATAAC,,GAT
29,SingleSeq_029,CTGACCGAAC,,GAT
30,SingleSeq_030,TCTAACGGAC,,GAT
31,SingleSeq_031,TCTAGAGGTC,,GAT
32,SingleSeq_032,TCTGGATGAC,,GAT
33,SingleSeq_033,TTCGAGACGC,,GAT
34,SingleSeq_034,AACCTCATTC,,GAT
35,SingleSeq_035,TCCAAGCTGC,,GAT
36,SingleSeq_036,TCGCATCGTTC,,GAT
37,SingleSeq_037,TAAGCCATTGTC,,GAT
38,SingleSeq_038,AAGGAATCGTC,,GAT
39,SingleSeq_039,CTTGAGAATGTC,,GAT
40,SingleSeq_040,CTGACATAATC,,GAT
41,SingleSeq_041,AGCACGAATC,,GAT
42,SingleSeq_042,CTTGACACCGC,,GAT
43,SingleSeq_043,TTGGAGGCCAGC,,GAT
44,SingleSeq_044,TCAGTCCGAAC,,GAT
45,SingleSeq_045,TTCTAAGAGAC,,GAT
46,SingleSeq_046,TCCTAACATAAC,,GAT
47,SingleSeq_047,CCGCATGGAAC,,GAT
48,SingleSeq_048,CAGCATTAATTC,,GAT
49,SingleSeq_049,TCTGGCAACGGC,,GAT
50,SingleSeq_050,TCCTAGAACAC,,GAT
51,SingleSeq_051,TCCTTGATGTTC,,GAT
52,SingleSeq_052,CCAACATTATC,,GAT
53,SingleSeq_053,TTCAATTGGC,,GAT
54,SingleSeq_054,CCTGGTTGTC,,GAT
55,SingleSeq_055,TCGAAGGCAGGC,,GAT
56,SingleSeq_056,CTTCCATAAC,,GAT
57,SingleSeq_057,TCCTGAATCTC,,GAT
58,SingleSeq_058,CGGAAGGATGC,,GAT
59,SingleSeq_059,CGGACAGATC,,GAT
60,SingleSeq_060,TTCTTCCTCTTC,,GAT
61,SingleSeq_061,TCGGCCGGAATC,,GAT
62,SingleSeq_062,TGGAGATAATTC,,GAT
63,SingleSeq_063,TTCGCAATGAAC,,GAT
64,SingleSeq_064,TTGGCCAATTGC,,GAT
65,SingleSeq_065,TCTAGTTCAAC,,GAT
66,SingleSeq_066,TGAGAAGAATTC,,GAT
67,SingleSeq_067,TGGCAGGAATTC,,GAT
68,SingleSeq_068,CGCTTCGATTC,,GAT
69,SingleSeq_069,TCCGGAGTCTTC,,GAT
70,SingleSeq_070,TACATCCATC,,GAT
71,SingleSeq_071,GCAACACGAC,,GAT
72,SingleSeq_072,TAAGCAATTCTC,,GAT
73,SingleSeq_073,CTGATCCATTC,,GAT
74,SingleSeq_074,TAGGAACAATC,,GAT
75,SingleSeq_075,AACCGGAATTC,,GAT
76,SingleSeq_076,TTCAGGACCTTC,,GAT
77,SingleSeq_077,TCTAACCAATGC,,GAT
78,SingleSeq_078,TCCGAGCTGATC,,GAT
79,SingleSeq_079,TTACCATGTTC,,GAT
80,SingleSeq_080,TTCAACTTCTTC,,GAT
81,SingleSeq_081,TTAGGCTCAAC,,GAT
82,SingleSeq_082,CCAAGGCGAATC,,GAT
83,SingleSeq_083,CCGGTCCGATTC,,GAT
84,SingleSeq_084,TTGGAGCGAC,,GAT
85,SingleSeq_085,TCCGGCAAGATC,,GAT
86,SingleSeq_086,CTAATTGAATC,,GAT
87,SingleSeq_087,TAACAATAATTC,,GAT
88,SingleSeq_088,TGCCTGGATC,,GAT
89,SingleSeq_089,AAGGAATGGAAC,,GAT
90,SingleSeq_090,TTCACCAGGATC,,GAT
91,SingleSeq_091,TTCTGCACGATC,,GAT
92,SingleSeq_092,TCCGAAGATAAC,,GAT
93,SingleSeq_093,TCTTGAGGAAGC,,GAT
94,SingleSeq_094,TTCTTCTGGC,,GAT
95,SingleSeq_095,CTTGAAGCCGTC,,GAT
96,SingleSeq_096,CTAGGCCTCCTC,,GAT
